Ticker,Company Name,Sector,Market Cap,52-Week High,52-Week Low,Average Price,Previous Close
AAP,AAP,Automotive Retail,2599645440,88.56,35.59,62.075,41.96
AAT,AAT,Diversified REITs,2004160768,29.15,20.03,24.59,25.42
ABCB,ABCB,Regional Banks,4338079744,74.56,44.0,59.28,61.95
ABG,ABG,Automotive Retail,4814020096,277.13,195.09,236.11,243.86
ABM,ABM,Environmental & Facilities Services,3131319040,59.78,39.64,49.71,51.14
ABR,ABR,Mortgage REITs,2595259648,16.35,11.92,14.135000000000002,13.71
ACA,ACA,Industrial Machinery,4845975040,113.43,72.75,93.09,99.08
ACIW,ACIW,Application Software,5563312640,59.71,28.79,44.25,52.43
ACLS,ACLS,Semiconductor Equipment,2258198784,158.61,68.23,113.42000000000002,69.18
ADEA,ADEA,IT Consulting & Other Services,1492559872,14.75,9.6801,12.21505,13.73
ADMA,ADMA,Biotechnology,4113185792,23.64,4.27,13.955,17.9
ADNT,ADNT,Automotive Parts & Equipment,1430005632,37.12,16.77,26.945,17.26
ADUS,ADUS,Health Care Services,2382689280,136.12,85.94,111.03,129.6
AEIS,AEIS,Semiconductor Equipment,4257060352,124.48,89.12,106.80000000000001,113.93
AEO,AEO,Apparel Retail,3206182400,26.44,16.2,21.32,16.36
AESI,AESI,Oil & Gas Equipment & Services,3269064192,24.93,15.55,20.240000000000002,21.33
AGO,AGO,Property & Casualty Insurance,4464000000,96.6,72.57,84.585,85.9
AGYS,AGYS,Application Software,3875895808,142.64,73.52,108.07999999999998,134.86
AHCO,AHCO,Health Care Equipment,1383225472,11.9,6.46,9.18,9.69
AHH,AHH,Diversified REITs,1038940032,12.74,10.02,11.379999999999999,10.27
AIN,AIN,Industrial Machinery,2540933888,99.41,67.39,83.4,79.25
AIR,AIR,Aerospace & Defense,2174929408,76.34,54.71,65.525,60.6
AKR,AKR,Retail REITs,3082693888,26.29,16.1,21.195,23.97
AL,AL,Passenger Airlines,5409581056,52.31,39.15,45.730000000000004,47.46
ALEX,ALEX,Diversified REITs,1268896640,20.3,15.53,17.915,17.535
ALG,ALG,Construction Machinery & Heavy Trucks,2271399168,231.4,163.74,197.57,194.51
ALGT,ALGT,Airlines,1549509248,94.45,36.09,65.27000000000001,82.12
ALK,ALK,Passenger Airlines,8380908544,66.81,32.62,49.715,64.97
ALKS,ALKS,Pharmaceuticals,4807166976,32.88,22.9,27.89,29.97
ALRM,ALRM,Application Software,3111561984,77.291,51.865,64.578,64.35
AMBC,AMBC,Property & Casualty Insurance,577382528,18.45,10.12,14.285,12.18
AMN,AMN,Health Care Services,873410688,80.22,22.58,51.4,22.95
AMPH,AMPH,Pharmaceuticals,1881905920,65.92,36.56,51.24,39.39
AMR,AMR,Steel,2619600128,452.0,185.0,318.5,204.83
AMSF,AMSF,Property & Casualty Insurance,999553536,60.24,41.97,51.105000000000004,51.66
AMWD,AMWD,Building Products,1207338752,106.57,76.57,91.57,81.0
ANDE,ANDE,Food Distributors,1354282496,61.46,39.25,50.355000000000004,40.7
ANIP,ANIP,Pharmaceuticals,1121299584,70.81,52.5,61.655,54.26
AORT,AORT,Health Care Equipment,1193878784,30.45,16.48,23.465,27.97
AOSL,AOSL,Semiconductors,1112169984,53.29,19.38,36.335,37.52
APAM,APAM,Asset Management & Custody Banks,3064822784,49.54,37.89,43.715,43.16
APLE,APLE,Hotel & Resort REITs,3745229056,17.11,13.6,15.355,15.34
APOG,APOG,Building Products,1564097024,87.93,51.15,69.54,71.73
ARCB,ARCB,Cargo Ground Transportation,2202604288,153.6,92.57,123.085,97.58
ARCH,ARCH,Diversified Metals & Mining,2494138624,187.6,116.44,152.01999999999998,143.63
ARI,ARI,Mortgage REITs,1249102080,12.74,8.52,10.629999999999999,8.78
ARLO,ARLO,Communications Equipment,1132849920,17.64,8.33,12.985,11.45
AROC,AROC,Oil & Gas Equipment & Services,4300030464,27.05,14.39,20.72,24.03
ARR,ARR,Mortgage REITs,1051081664,21.93,17.35,19.64,18.52
ASIX,ASIX,Commodity Chemicals,749804544,33.0,20.86,26.93,28.27
ASO,ASO,Specialty Stores,3861254912,75.73,44.73,60.230000000000004,55.59
ASTE,ASTE,Construction Machinery & Heavy Trucks,759071936,44.74,28.46,36.6,34.09
ASTH,ASTH,Health Care Facilities,1538539776,63.2,33.44,48.32,35.09
ATEN,ATEN,Systems Software,1366755584,19.37,12.27,15.82,18.4
ATGE,ATGE,Education Services,3272196864,92.93,43.78,68.355,88.41
ATI,ATI,Steel,7768337920,68.92,38.04,53.480000000000004,54.23
AUB,AUB,Regional Banks,3396926976,44.54,30.43,37.485,37.15
AVA,AVA,Multi-Utilities,2865625344,39.99,31.91,35.95,35.86
AVAV,AVAV,Aerospace & Defense,4626367488,236.6,116.51,176.555,161.84
AVNS,AVNS,Health Care Supplies,738988544,25.36,16.02,20.689999999999998,16.54
AWI,AWI,Building Products,6227881984,164.4,95.24,129.82,141.86
AWR,AWR,Water Utilities,3005231616,87.5,66.03,76.765,79.46
AX,AX,Regional Banks,4095238144,88.46,44.1,66.28,71.12
AXL,AXL,Auto Parts & Equipment,679618176,8.99,5.43,7.21,5.89
AZTA,AZTA,Life Sciences Tools & Services,2304242432,69.16,38.82,53.989999999999995,49.5
AZZ,AZZ,Heavy Electrical Equipment,2439756032,97.98,55.78,76.88,81.57
B,B,Industrial Machinery,2404141312,47.4,29.68,38.54,47.13
BANC,BANC,Regional Banks,2599781120,18.08,11.88,14.98,15.36
BANF,BANF,Regional Banks,3937038336,132.29,81.21,106.75,117.25
BANR,BANR,Regional Banks,2267402240,78.05,42.0,60.025,64.87
BBWI,BBWI,Other Specialty Retail,8505175040,52.99,26.21,39.6,38.58
BCC,BCC,Building Products,4714164736,155.42,113.89,134.655,123.01
BCPC,BCPC,Specialty Chemicals,5379699200,186.03,135.84,160.935,166.51
BDN,BDN,Office REITs,933450944,6.54,3.85,5.195,5.34
BFH,BFH,Consumer Finance,3120119552,66.71,28.0,47.355,61.42
BFS,BFS,Retail REITs,1335339648,42.39,34.87,38.629999999999995,38.23
BGC,BGC,Investment Banking & Brokerage,4261083648,11.79,6.58,9.184999999999999,8.63
BGS,BGS,Packaged Foods & Meats,575521600,11.97,6.12,9.045,7.25
BHE,BHE,Electronic Manufacturing Services,1627419776,52.57,25.36,38.965,45.93
BHLB,BHLB,Regional Banks,1228245504,32.36,20.5,26.43,27.8
BJRI,BJRI,Restaurants,792873344,38.87,27.61,33.239999999999995,35.12
BKE,BKE,Apparel Retail,2583371008,54.25,34.87,44.56,50.4
BKU,BKU,Regional Banks,2847936768,44.45,24.34,34.395,37.41
BL,BL,Application Software,3963455232,69.31,43.368,56.339,62.51
BLFS,BLFS,Health Care Supplies,1270545408,28.88,14.5,21.689999999999998,26.11
BLMN,BLMN,Restaurants,1013875072,30.13,11.78,20.955,11.92
BMI,BMI,Electronic Equipment & Instruments,6403297792,239.11,139.5,189.305,218.46
BOH,BOH,Regional Banks,2760512256,82.7,54.5,68.6,68.21
BOOT,BOOT,Apparel Retail,4510113280,169.83,68.37,119.10000000000001,146.28
BOX,BOX,Application Software,4602839040,35.74,24.28,30.01,32.06
BRC,BRC,Commercial Printing,3540619264,77.68,56.09,66.885,75.56
BRKL,BRKL,Regional Banks,1074370688,13.15,8.01,10.58,11.53
BSIG,BSIG,Asset Management & Custody Banks,1007956480,31.52,18.089,24.804499999999997,28.02
BTU,BTU,Coal & Consumable Fuels,2506544896,29.94,20.21,25.075000000000003,21.55
BXMT,BXMT,Mortgage REITs,3139750144,23.1,16.53,19.815,17.73
CABO,CABO,Cable & Satellite,2073954816,574.53,311.28,442.905,355.67
CAKE,CAKE,Restaurants,2468790272,52.1,31.24,41.67,48.53
CAL,CAL,Apparel Retail,791292736,44.51,22.07,33.29,22.45
CALM,CALM,Packaged Foods & Meats,5045376000,114.06,53.02,83.54,104.37
CALX,CALX,Application Software,2344933888,45.15,26.76,35.955,34.67
CARG,CARG,Interactive Media & Services,3736599040,39.1,21.18,30.14,36.08
CARS,CARS,Interactive Media & Services,1130348160,21.24,15.05,18.145,17.44
CASH,CASH,Regional Banks,1775677696,86.0,46.68,66.34,74.08
CATY,CATY,Regional Banks,3381221632,55.29,33.88,44.585,47.02
CBRL,CBRL,Restaurants,1188641280,83.52,34.88,59.2,52.13
CBU,CBU,Regional Banks,3292370944,73.39,41.5,57.445,61.12
CCOI,CCOI,Alternative Carriers,3791539200,86.76,50.8,68.78,74.92
CCS,CCS,Homebuilding,2373785344,108.42,73.6,91.00999999999999,74.96
CEIX,CEIX,Coal & Consumable Fuels,3047915776,134.59,75.43,105.01,108.29
CENT,CENT,Household Products,2296398080,47.48,32.17,39.825,40.48
CENTA,CENTA,Household Products,2294680320,41.03,27.7,34.365,34.2
CENX,CENX,Aluminum,1701001984,25.39,9.65,17.52,18.06
CERT,CERT,Health Care Technology,1724181504,19.87,9.41,14.64,10.55
CEVA,CEVA,Semiconductors,735026624,33.44,16.02,24.729999999999997,30.92
CFFN,CFFN,Regional Banks,782087360,7.2,4.76,5.98,6.02
CHCO,CHCO,Regional Banks,1784687872,137.28,97.5,117.39,120.3
CHEF,CHEF,Food Distributors,1912064512,49.78,27.64,38.71,48.44
CLB,CLB,Oil & Gas Equipment & Services,791109184,25.13,13.82,19.475,17.63
CMA,CMA,Regional Banks,8043396096,73.45,45.32,59.385000000000005,60.01
CNK,CNK,Movies & Entertainment,3772513024,36.28,13.19,24.735,31.37
CNMD,CNMD,Health Care Equipment,2120042368,114.8,61.05,87.925,69.8
CNS,CNS,Asset Management & Custody Banks,4676090880,110.67,64.13,87.4,90.67
CNSL,CNSL,Integrated Telecommunication Services,552060864,4.72,4.18,4.449999999999999,4.68
CNXN,CNXN,Technology Distributors,1813975552,77.19,57.47,67.33,70.8
COHU,COHU,Semiconductor Equipment,1178394368,36.6,22.8,29.700000000000003,25.55
COLL,COLL,Pharmaceuticals,957830976,42.287,28.97,35.6285,30.44
CON,CON,Health Care Services,2550700288,24.805,18.89,21.8475,19.56
COOP,COOP,Commercial & Residential Mortgage Finance,6087409152,103.05,61.38,82.215,93.73
CORT,CORT,Pharmaceuticals,5385435136,62.22,20.84,41.53,51.15
CPF,CPF,Regional Banks,765654720,33.25,18.0,25.625,28.27
CPK,CPK,Gas Utilities,2710162176,134.2,98.25,116.225,118.4
CPRX,CPRX,Biotechnology,2536936704,24.27,13.12,18.695,21.46
CRC,CRC,Oil & Gas Exploration & Production,4619819008,60.41,43.09,51.75,50.98
CRGY,CRGY,Oil & Gas Exploration & Production,3461300224,15.54,9.88,12.71,13.13
CRK,CRK,Oil & Gas Exploration & Production,4623568896,17.79,7.07,12.43,15.48
CRS,CRS,Steel,8472137728,198.24,58.87,128.555,169.59
CRSR,CRSR,"Technology Hardware, Storage & Peripherals",656468992,14.66,5.595,10.1275,6.47
CRVL,CRVL,Health Care Services,5920869888,381.73,223.89,302.81,334.25
CSGS,CSGS,Data Processing & Outsourced Services,1490128128,57.16,39.56,48.36,51.45
CSR,CSR,Multi-Family Residential REITs,1147319808,76.16,20.1,48.129999999999995,64.75
CSWI,CSWI,Industrial Conglomerates,6027058688,436.5,200.5,318.5,358.9
CTKB,CTKB,Health Care Equipment,814085568,9.87,4.66,7.265,6.19
CTRE,CTRE,Health Care REITs,5125075456,33.15,20.1,26.625,27.21
CTS,CTS,Electronic Manufacturing Services,1572029184,59.68,40.09,49.885000000000005,52.83
CUBI,CUBI,Regional Banks,1495675136,68.49,42.31,55.4,46.98
CURB,CURB,Retail REITs,2364495360,25.35,18.8,22.075000000000003,21.64
CVBF,CVBF,Regional Banks,3072915968,24.58,15.71,20.145,21.29
CVCO,CVCO,Homebuilding,3690966784,544.08,304.1,424.09000000000003,442.22
CVI,CVI,Oil & Gas Refining & Marketing,1810563328,38.07,15.6,26.835,17.95
CWEN,CWEN,Renewable Electricity,5147092480,30.92,20.63,25.775,25.92
CWEN.A,CWEN.A,Renewable Electricity,N/A,N/A,N/A,N/A,N/A
CWK,CWK,Real Estate Services,3003984896,16.11,9.24,12.675,12.95
CWT,CWT,Water Utilities,2735771904,56.25,43.5,49.875,45.92
CXM,CXM,Application Software,2314885376,14.315,6.91,10.6125,9.15
CXW,CXW,Diversified Support Services,2299150336,24.99,10.74,17.865,21.0
DAN,DAN,Auto Parts & Equipment,1665808768,15.07,7.58,11.325,11.51
DCOM,DCOM,Regional Banks,1367322624,37.6,17.29,27.445,31.41
DEA,DEA,Office REITs,1190409216,14.525,10.86,12.692499999999999,10.93
DEI,DEI,Office REITs,3585589504,20.5,12.36,16.43,17.84
DFH,DFH,Homebuilding,2240624384,44.38,22.952,33.666000000000004,23.7
DFIN,DFIN,Financial Exchanges & Data,1772470528,71.01,56.02,63.515,60.71
DGII,DGII,Communications Equipment,1133297664,34.82,20.17,27.495,32.25
DIOD,DIOD,Semiconductors,2852253440,86.74,52.71,69.725,62.3
DLX,DLX,Commercial Printing,984613696,24.87,18.48,21.675,22.4
DNOW,DNOW,Trading Companies & Distributors,1364354944,15.645,9.44,12.5425,13.25
DOCN,DOCN,Internet Services & Infrastructure,3294478336,44.8,26.63,35.714999999999996,35.45
DORM,DORM,Auto Parts & Equipment,4008778752,146.6,79.2,112.9,130.36
DRH,DRH,Hotel & Resort REITs,1945335680,10.0,7.74,8.870000000000001,9.23
DRQ,DRQ,Oil & Gas Equipment & Services,N/A,N/A,N/A,N/A,N/A
DV,DV,Application Software,3346593024,43.0,16.115,29.557499999999997,19.69
DVAX,DVAX,Biotechnology,1672107648,15.01,9.74,12.375,12.76
DXC,DXC,IT Consulting & Other Services,3729094400,24.83,14.79,19.81,21.49
DXPE,DXPE,Trading Companies & Distributors,1238013696,82.33,30.08,56.205,78.88
DY,DY,Construction & Engineering,5069604352,207.2,107.53,157.365,169.4
EAT,EAT,Restaurants,5964916224,136.15,37.25,86.7,131.33
ECG,ECG,Construction & Engineering,3419717888,71.42,40.05,55.735,64.6
ECPG,ECPG,Consumer Finance,1109463680,54.55,39.64,47.095,47.41
EFC,EFC,Specialized Finance,1099726336,13.46,10.88,12.170000000000002,12.05
EGBN,EGBN,Regional Banks,806682048,31.38,15.99,23.685,26.55
EIG,EIG,Property & Casualty Insurance,1255825024,54.44,38.38,46.41,50.54
ELME,ELME,Diversified REITs,1318394368,18.49,12.74,15.614999999999998,14.87
EMBC,EMBC,Health Care Equipment,1176006272,21.48,9.925,15.7025,19.97
ENR,ENR,Household Products,2548190720,39.515,26.918,33.216499999999996,35.6
ENVA,ENVA,Consumer Finance,2528102400,108.15,53.17,80.66,94.99
EPAC,EPAC,Industrial Machinery,2402312704,51.91,28.25,40.08,44.87
EPC,EPC,Household Products,1662537856,41.5,33.27,37.385000000000005,34.41
EPRT,EPRT,Diversified REITs,5545685504,34.879,23.58,29.229499999999998,30.82
ESE,ESE,Industrial Machinery,3490077952,154.0,96.69,125.345,133.46
ETD,ETD,Home Furnishings,716617408,35.62,26.53,31.075,28.31
ETSY,ETSY,Broadline Retail,6390670848,85.22,47.1,66.16,57.14
EVTC,EVTC,Transaction & Payment Processing Services,2138069888,42.21,28.76,35.485,33.6
EXPI,EXPI,Real Estate Services,1966988416,16.48,8.91,12.695,11.6
EXTR,EXTR,Communications Equipment,2344074752,19.24,10.5,14.87,17.72
EYE,EYE,Specialty Stores,911135168,24.11,9.56,16.835,11.07
EZPW,EZPW,Consumer Finance,641602368,12.85,8.2,10.524999999999999,11.74
FBK,FBK,Regional Banks,2402164992,58.875,33.35,46.1125,51.04
FBNC,FBNC,Regional Banks,1847569408,50.34,29.53,39.935,43.55
FBP,FBP,Regional Banks,3011930368,22.4,15.15,18.775,18.31
FBRT,FBRT,Mortgage REITs,1036926784,14.5,11.99,13.245000000000001,12.43
FCF,FCF,Regional Banks,1723186176,19.96,12.41,16.185000000000002,16.79
FCPT,FCPT,Specialized REITs,2630402560,30.93,22.38,26.655,26.74
FDP,FDP,Packaged Foods & Meats,1597424128,35.27,21.23,28.25,33.03
FELE,FELE,Industrial Machinery,4494269440,111.94,91.45,101.695,98.72
FFBC,FFBC,Regional Banks,2607810048,31.18,20.59,25.884999999999998,26.82
FHB,FHB,Regional Banks,3258535168,28.8,19.48,24.14,25.2
FIZZ,FIZZ,Soft Drinks,4247294208,53.58,42.85,48.215,45.9
FL,FL,Apparel Retail,2126460160,35.6,19.33,27.465,22.28
FLGT,FLGT,Health Care Services,560961920,30.6,16.56,23.58,18.75
FORM,FORM,Semiconductor Equipment,3321081856,63.63,37.21,50.42,42.44
FOXF,FOXF,Automotive Parts & Equipment,1245083136,70.13,28.93,49.53,29.68
FSS,FSS,Construction Machinery & Heavy Trucks,5609567744,102.18,71.29,86.73500000000001,91.77
FTDR,FTDR,Specialized Consumer Services,4252985344,60.42,29.41,44.915,55.41
FTRE,FTRE,Biotechnology,1727622016,41.02,16.53,28.775000000000002,18.5
FUL,FUL,Specialty Chemicals,3723383296,87.67,67.76,77.715,69.05
FULT,FULT,Regional Banks,3567689984,22.49,13.87,18.18,19.4
FWRD,FWRD,Air Freight & Logistics,837650816,66.07,11.21,38.64,30.87
GBX,GBX,Construction Machinery & Heavy Trucks,1955246080,69.12,41.4,55.260000000000005,62.14
GDEN,GDEN,Casinos & Gaming,853590528,40.85,27.42,34.135000000000005,30.82
GDOT,GDOT,Consumer Finance,572829376,13.58,7.7,10.64,10.68
GEO,GEO,Environmental & Facilities Services,3846668288,29.86,10.46,20.16,28.0
GES,GES,Apparel Retail,740977920,33.5,13.83,23.665,14.12
GFF,GFF,Building Products,3483346944,86.73,55.01,70.87,72.0
GIII,GIII,"Apparel, Accessories & Luxury Goods",1440800384,36.18,20.66,28.42,33.67
GKOS,GKOS,Health Care Equipment,8319131136,151.12,74.745,112.9325,143.74
GMS,GMS,Building Products,3338521344,105.54,77.01,91.275,85.44
GNL,GNL,Diversified REITs,1666900864,10.185,6.52,8.3525,7.02
GNW,GNW,Multi-line Insurance,3002034944,7.9,5.67,6.785,6.96
GO,GO,Food Retail,1625091968,29.19,13.6,21.395,16.6
GOGO,GOGO,Wireless Telecommunication Services,986073664,11.17,6.17,8.67,7.76
GPI,GPI,Automotive Retail,5593552896,440.32,255.73,348.025,414.9
GPRE,GPRE,Coal & Consumable Fuels,606428288,26.04,9.12,17.58,9.22
GRBK,GRBK,Homebuilding,2564431360,84.66,48.38,66.52,56.69
GSHD,GSHD,Insurance Brokers,3940572928,130.39,50.47,90.42999999999999,107.69
GTES,GTES,Industrial Machinery & Supplies & Components,5191152640,23.34,12.405,17.8725,20.23
GTY,GTY,Retail REITs,1680781568,33.85,25.7,29.775,30.26
GVA,GVA,Construction & Engineering,3963421440,105.2,43.92,74.56,90.0
HAFC,HAFC,Regional Banks,713842880,27.59,14.45,21.02,23.37
HAIN,HAIN,Packaged Foods & Meats,579046080,11.68,5.69,8.685,6.54
HASI,HASI,Specialized Finance,3315021312,36.56,21.77,29.165,26.39
HAYW,HAYW,Electrical Components & Equipment,3326161664,16.87,11.805,14.3375,15.34
HBI,HBI,"Apparel, Accessories & Luxury Goods",2901041920,9.1,3.88,6.49,8.1
HCC,HCC,Steel,2873470720,75.53,50.6,63.065,55.86
HCI,HCI,Property & Casualty Insurance,1194613760,126.5,81.35,103.925,111.25
HCSG,HCSG,Environmental & Facilities Services,828189504,13.0,8.98,10.99,11.44
HELE,HELE,Household Appliances,1434623360,127.83,48.05,87.94,62.15
HFWA,HFWA,Regional Banks,832320832,27.58,16.55,22.064999999999998,23.72
HI,HI,Industrial Machinery,2094553856,50.58,25.11,37.845,29.07
HIMS,HIMS,Health Care Services,5724150272,35.02,8.09,21.555,26.36
HIW,HIW,Office REITs,3253813760,36.78,21.37,29.075000000000003,29.37
HLIT,HLIT,Communications Equipment,1552152960,15.46,9.1,12.280000000000001,13.26
HLX,HLX,Oil & Gas Equipment & Services,1373499136,13.05,8.81,10.93,9.02
HMN,HMN,Multi-line Insurance,1611571328,43.26,31.81,37.535,39.43
HNI,HNI,Office Services & Supplies,2468120576,58.42,39.95,49.185,50.93
HOPE,HOPE,Regional Banks,1493541376,14.54,9.8,12.17,12.08
HP,HP,Oil & Gas Drilling,3007101952,44.11,29.46,36.785,30.3
HPP,HPP,Office REITs,424586304,9.86,2.39,6.125,2.61
HRMY,HRMY,Biotechnology,1955032832,41.61,28.14,34.875,33.89
HSII,HSII,Human Resource & Employment Services,892090496,49.02,26.52,37.77,44.43
HSTM,HSTM,Health Care Technology,956548608,33.52,23.92,28.720000000000002,31.19
HTH,HTH,Regional Banks,1865050368,35.66,28.58,32.12,28.84
HTLD,HTLD,Cargo Ground Transportation,883873984,14.6,9.63,12.115,11.57
HTZ,HTZ,Passenger Ground Transportation,1048879744,10.82,2.47,6.6450000000000005,3.27
HUBG,HUBG,Air Freight & Logistics,2642887168,53.21,38.07,45.64,45.07
HWKN,HWKN,Commodity Chemicals,2592508672,139.55,54.44,96.995,119.43
HZO,HZO,Specialty Stores,640556928,39.85,22.51,31.18,28.82
IAC,IAC,Publishing,3647436288,58.289,41.08,49.6845,41.75
IART,IART,Health Care Equipment,1682164352,45.42,16.81,31.115000000000002,21.71
IBP,IBP,Homebuilding,4965559296,281.04,168.08,224.56,176.99
IBTX,IBTX,Regional Banks,2497767936,68.66,36.47,52.565,59.34
ICHR,ICHR,Semiconductor Equipment,1005252288,46.43,26.4,36.415,29.92
ICUI,ICUI,Health Care Supplies,3839628032,196.26,86.8,141.53,153.2
IDCC,IDCC,Communications Equipment,4800857088,203.9,95.33,149.615,188.97
IIIN,IIIN,Building Products,550886272,39.38,26.74,33.06,28.72
IIPR,IIPR,Industrial REITs,2086920448,138.35,70.88,104.615,95.34
INDB,INDB,Regional Banks,2805486848,77.23,45.11,61.17,65.5
INN,INN,Hotel & Resort REITs,739410752,7.22,5.66,6.4399999999999995,6.69
INSP,INSP,Health Care Equipment,5626885120,257.4,123.0,190.2,185.42
INVA,INVA,Pharmaceuticals,1116803584,21.28,14.33,17.805,17.93
IOSP,IOSP,Specialty Chemicals,2736343040,133.71,103.97,118.84,109.17
IPAR,IPAR,Personal Products,4092511232,156.75,108.39,132.57,130.32
IRWD,IRWD,Pharmaceuticals,712124544,15.7,3.06,9.379999999999999,3.88
ITGR,ITGR,Health Care Equipment,4483558912,142.76,94.56,118.66,132.89
ITRI,ITRI,Electronic Equipment & Instruments,4915667968,124.9,67.21,96.055,107.99
JACK,JACK,Restaurants,766966272,86.2,38.12,62.16,38.71
JBGS,JBGS,Office REITs,1297579008,18.86,13.645,16.252499999999998,15.14
JBLU,JBLU,Passenger Airlines,2580764928,8.07,4.5,6.285,7.29
JBSS,JBSS,Packaged Foods & Meats,991867200,108.96,79.07,94.01499999999999,86.0
JBT,JBT,Industrial Machinery,3973319680,128.23,82.64,105.435,123.6
JJSF,JJSF,Packaged Foods & Meats,3119076352,180.8,133.23,157.015,160.78
JOE,JOE,Real Estate Development,2601608704,64.69,43.5,54.095,43.8
JXN,JXN,Life & Health Insurance,6520519680,115.22,47.49,81.355,86.33
KALU,KALU,Aluminum,1122620672,102.42,59.52,80.97,69.36
KAR,KAR,Diversified Support Services,2167864832,20.85,12.86,16.855,20.29
KELYA,KELYA,Human Resource & Employment Services,466869888,25.27,12.68,18.975,13.02
KFY,KFY,Human Resource & Employment Services,3433364480,80.64,54.77,67.705,66.23
KLG,KLG,Packaged Foods & Meats,1543363584,24.629,12.32,18.4745,17.88
KLIC,KLIC,Semiconductor Equipment,2529257472,56.71,38.2,47.455,47.07
KMT,KMT,Industrial Machinery,1910502656,32.18,22.5,27.34,24.98
KN,KN,Electronic Components,1708536576,20.49,14.97,17.73,19.54
KOP,KOP,Commodity Chemicals,628538624,58.23,30.64,44.435,31.35
KREF,KREF,Mortgage REITs,727729408,14.105,8.71,11.4075,10.31
KRYS,KRYS,Biotechnology,4740593152,219.34,107.5,163.42000000000002,160.83
KSS,KSS,Broadline Retail,1577376128,29.6,13.77,21.685000000000002,13.86
KTB,KTB,"Apparel, Accessories & Luxury Goods",4816609792,94.815,52.95,73.8825,86.27
KW,KW,Real Estate Services,1380990592,12.74,7.85,10.295,9.98
KWR,KWR,Specialty Chemicals,2465566976,221.94,137.65,179.79500000000002,141.06
LBRT,LBRT,Oil & Gas Equipment & Services,2969268736,24.75,16.57,20.66,18.27
LCII,LCII,Auto Parts & Equipment,2664640256,131.36,96.19,113.775,105.13
LEG,LEG,Home Furnishings,1301318528,26.84,9.64,18.240000000000002,9.82
LESL,LESL,Home Improvement Retail,399533024,8.21,2.02,5.115,2.06
LGIH,LGIH,Homebuilding,2144431104,136.89,84.0,110.445,90.27
LGND,LGND,Biotechnology,2166168576,129.9,67.53,98.715,113.945
LKFN,LKFN,Regional Banks,1756860160,78.61,57.45,68.03,68.26
LMAT,LMAT,Health Care Equipment,2071226112,109.58,52.88,81.23,92.25
LNC,LNC,Multi-line Insurance,5280633344,36.98,25.1,31.04,30.7
LNN,LNN,Agricultural & Farm Machinery,1331066368,135.2,109.27,122.23499999999999,123.09
LPG,LPG,Oil & Gas Storage & Transportation,983219328,51.659,22.461,37.06,23.17
LQDT,LQDT,Diversified Support Services,951747520,36.0,13.99,24.995,31.41
LRN,LRN,Education Services,4586366976,112.8,54.81,83.805,106.08
LTC,LTC,Health Care REITs,1587748992,39.89,30.3,35.095,34.81
LUMN,LUMN,Alternative Carriers,6007675392,10.33,0.97,5.65,6.06
LXP,LXP,Diversified REITs,2457187072,10.57,8.08,9.325,8.22
LZB,LZB,Home Furnishings,1773727488,46.47,32.0,39.235,42.54
MAC,MAC,Retail REITs,5220454912,22.27,12.99,17.63,19.92
MARA,MARA,IT Consulting & Other Services,6774064640,34.09,13.17,23.630000000000003,20.37
MATV,MATV,Specialty Chemicals,622688256,19.96,10.78,15.370000000000001,11.61
MATW,MATW,Diversified Support Services,843098880,39.12,21.09,30.104999999999997,27.71
MATX,MATX,Marine,4546130432,169.12,100.5,134.81,136.73
MBC,MBC,Building Products,1837909376,20.67,13.366,17.018,14.61
MC,MC,Investment Banking & Brokerage,5210173952,81.6,46.24,63.92,71.72
MCRI,MCRI,Casinos & Gaming,1439498752,89.06,64.5,76.78,79.11
MCW,MCW,Specialized Consumer Services,2278307328,9.45,5.84,7.645,7.04
MCY,MCY,Property & Casualty Insurance,3775755520,80.72,36.96,58.84,68.19
MD,MD,Health Care Services,1210056192,16.41,6.62,11.515,14.25
MDU,MDU,Multi-Utilities,3690372864,20.39,10.409972,15.399986,17.98
MGEE,MGEE,Electric Utilities,3420160512,109.22,61.94,85.58,93.94
MGPI,MGPI,Distillers & Vintners,878131968,102.42,38.84,70.63,41.8
MGY,MGY,Oil & Gas Exploration & Production,4499258368,29.02,19.16,24.09,23.14
MHO,MHO,Homebuilding,3644667392,176.18,109.92,143.05,136.4
MLAB,MLAB,Health Care Equipment,717381952,141.17,83.68,112.425,131.4
MLKN,MLKN,Office Services & Supplies,1548615552,31.73,20.89,26.310000000000002,23.0
MMI,MMI,Real Estate Services,1474912384,44.24,29.93,37.085,37.64
MMSI,MMSI,Health Care Supplies,5724202496,108.08,70.7,89.39,96.27
MNRO,MNRO,Automotive Retail,753526912,33.98,21.0,27.49,25.21
MODG,MODG,Leisure Products,1369488768,16.89,7.22,12.055,7.29
MOG.A,MOG.A,Aerospace & Defense,N/A,N/A,N/A,N/A,N/A
MP,MP,Diversified Metals & Mining,2585199104,24.01,10.02,17.015,16.18
MPW,MPW,Health Care REITs,2317543936,6.55,2.92,4.734999999999999,3.76
MRCY,MRCY,Electrical Components & Equipment,2367410176,44.63,25.31,34.97,39.02
MRTN,MRTN,Cargo Ground Transportation,1270585728,21.38,15.33,18.355,15.91
MSEX,MSEX,Water Utilities,977929344,70.73,45.42,58.075,54.84
MSGS,MSGS,Movies & Entertainment,5407048192,237.992,176.27,207.131,223.79
MTH,MTH,Homebuilding,5593728000,213.98,147.77,180.875,151.91
MTRN,MTRN,Diversified Metals & Mining,2065584384,145.08,96.18,120.63000000000001,99.99
MTUS,MTUS,Steel,612342848,24.31,13.825,19.0675,14.46
MTX,MTX,Specialty Chemicals,2411423488,90.3,64.79,77.545,75.91
MXL,MXL,Semiconductors,1608779520,26.59,11.08,18.835,19.19
MYGN,MYGN,Biotechnology,1216230272,29.3,12.87,21.085,13.17
MYRG,MYRG,Construction & Engineering,2471487232,181.02,86.6,133.81,154.51
NABL,NABL,Systems Software,1809569152,15.485,9.613,12.549,9.78
NARI,NARI,Health Care Equipment,3246275840,66.61,36.73,51.67,54.41
NATL,NATL,Transaction & Payment Processing Services,2336278528,35.29,18.415,26.8525,31.83
NAVI,NAVI,Consumer Finance,1530996352,19.245,13.71,16.4775,14.21
NBHC,NBHC,Regional Banks,1640282624,51.76,32.13,41.945,42.64
NBR,NBR,Oil & Gas Drilling,513386272,105.96,53.45,79.705,54.79
NBTB,NBTB,Regional Banks,2306036224,52.44,32.79,42.614999999999995,48.27
NEO,NEO,Health Care Services,2106403968,20.94,12.77,16.855,16.4
NGVT,NGVT,Specialty Chemicals,1483043200,56.3,30.9,43.599999999999994,40.75
NHC,NHC,Health Care Facilities,1727395840,138.49,87.03,112.76,113.83
NMIH,NMIH,Commercial & Residential Mortgage Finance,2891483392,42.49,28.67,35.58,36.58
NOG,NOG,Oil & Gas Exploration & Production,3550782208,44.31,31.13,37.72,36.02
NPK,NPK,Aerospace & Defense,663527680,93.8116,69.58,81.69579999999999,91.56
NPO,NPO,Industrial Machinery,3636286208,197.94,136.68,167.31,175.4
NSIT,NSIT,Technology Distributors,4912930304,228.07,146.56,187.315,157.57
NTCT,NTCT,Communications Equipment,1541204736,24.42,17.1,20.76,21.7
NVEE,NVEE,Construction & Engineering,1238264960,28.7525,18.59,23.67125,18.96
NVRI,NVRI,Industrial Machinery,611431616,12.79,6.57,9.68,7.33
NWBI,NWBI,Regional Banks,1700790016,15.42,10.45,12.934999999999999,13.17
NWL,NWL,Housewares & Specialties,4168320256,11.78,5.39,8.584999999999999,9.91
NWN,NWN,Gas Utilities,1588023168,44.25,34.82,39.535,39.61
NX,NX,Building Products,1186261120,39.31,22.92,31.115000000000002,23.13
NXRT,NXRT,Multi-Family Residential REITs,2187972864,48.37,28.2,38.285,41.64
NYMT,NYMT,Mortgage REITs,538041664,8.75,5.14,6.945,5.68
ODP,ODP,Specialty Stores,733980544,58.98,23.69,41.335,24.32
OFG,OFG,Regional Banks,1918995456,47.66,33.19,40.425,41.0
OGN,OGN,Pharmaceuticals,3754918656,23.1,13.65,18.375,14.44
OI,OI,Metal & Glass Containers,1552656000,17.58,9.85,13.715,9.95
OII,OII,Oil & Gas Equipment & Services,2481022976,30.98,18.95,24.965,24.24
OMCL,OMCL,Health Care Technology,2083329664,55.75,25.12,40.435,44.39
OMI,OMI,Health Care Distributors,965404736,28.35,11.42,19.885,12.62
OSIS,OSIS,Electronic Equipment & Instruments,2925542400,189.13,120.42,154.775,175.17
OTTR,OTTR,Electric Utilities,3144210688,100.84,73.26,87.05000000000001,74.96
OUT,OUT,Other Specialized REITs,3017625600,19.5,12.27,15.885,17.59
OXM,OXM,"Apparel, Accessories & Luxury Goods",1272252032,113.88,72.24,93.06,81.48
PAHC,PAHC,Pharmaceuticals,878523136,25.98,10.035,18.0075,21.81
PARR,PARR,Oil & Gas Refining & Marketing,844317184,40.7,14.84,27.770000000000003,15.14
PAYO,PAYO,Transaction & Payment Processing Services,3608923392,11.29,4.22,7.754999999999999,10.07
PATK,PATK,Auto Parts & Equipment,2785070848,98.9,60.673332,79.786666,83.52
PBH,PBH,Pharmaceuticals,3889200896,86.36,57.95,72.155,78.66
PBI,PBI,Office Services & Supplies,1313698176,8.8,3.68,6.24,7.15
PCRX,PCRX,Pharmaceuticals,876367296,35.95,11.16,23.555,19.57
PDCO,PDCO,Health Care Distributors,2723750144,31.79,19.45,25.619999999999997,30.91
PDFS,PDFS,Semiconductor Equipment,1087579776,39.7,27.69,33.695,28.46
PEB,PEB,Hotel & Resort REITs,1621840128,16.65,11.65,14.149999999999999,13.59
PECO,PECO,Retail REITs,5191200768,40.12,30.62,35.37,37.55
PENN,PENN,Casinos & Gaming,2841952000,27.21,13.5,20.355,18.17
PFBC,PFBC,Regional Banks,1133700608,99.78,66.88,83.33,85.45
PFS,PFS,Regional Banks,2487101184,22.24,13.07,17.655,18.64
PGNY,PGNY,Health Care Services,1221098240,42.08,13.39,27.735,14.19
PHIN,PHIN,Automotive Retail,1980941184,57.23,27.86,42.545,47.51
PI,PI,Electronic Equipment & Instruments,4238480896,239.88,78.17,159.025,142.63
PINC,PINC,Health Care Services,2091323136,23.56,17.955,20.7575,21.51
PIPR,PIPR,Investment Banking & Brokerage,4721005056,351.8,162.5,257.15,292.63
PJT,PJT,Investment Banking & Brokerage,6115057152,168.92,88.51,128.715,152.86
PLAB,PLAB,Semiconductor Equipment,1522583040,34.16,20.25,27.205,24.41
PLAY,PLAY,Restaurants,1054979456,69.82,24.995,47.4075,26.2
PLMR,PLMR,Property & Casualty Insurance,2777067008,112.9,54.5,83.7,103.81
PLUS,PLUS,Technology Distributors,1983421952,106.98,56.33,81.655,73.9
PLXS,PLXS,Electronic Manufacturing Services,4308872704,170.07,90.18,130.125,159.75
PMT,PMT,Mortgage REITs,1127455744,15.89,12.8,14.345,12.95
POWL,POWL,Electrical Components & Equipment,2954122752,364.98,76.29,220.63500000000002,243.46
PPBI,PPBI,Regional Banks,2417765888,30.28,20.52,25.4,24.59
PRA,PRA,Property & Casualty Insurance,806223296,17.79,10.76,14.274999999999999,15.83
PRAA,PRAA,Consumer Finance,821652416,31.43,18.64,25.035,21.18
PRDO,PRDO,Education Services,1716512384,29.47,16.12,22.795,26.7
PRG,PRG,Consumer Finance,1749808000,50.28,27.84,39.06,41.69
PRGS,PRGS,Systems Software,2848033792,70.56,48.0,59.28,65.92
PRK,PRK,Regional Banks,2804879360,207.99,123.08,165.535,172.54
PRLB,PRLB,Industrial Machinery,998051328,45.15,25.76,35.455,41.27
PRVA,PRVA,Health Care Services,2408420096,24.3,15.92,20.11,20.13
PSMT,PSMT,Hypermarkets & Super Centers,2882256128,99.23,72.15,85.69,93.93
PTEN,PTEN,Oil & Gas Drilling,2994862080,12.65,7.15,9.9,7.29
PTGX,PTGX,Biotechnology,2472721152,48.89,21.43,35.16,39.54
PUMP,PUMP,Oil & Gas Equipment & Services,899608192,10.015,6.535,8.275,8.95
PZZA,PZZA,Restaurants,1270084608,78.67,38.8,58.735,39.9
QDEL,QDEL,Health Care Supplies,3015790592,75.86,29.74,52.8,43.03
QNST,QNST,Interactive Media & Services,1206278784,26.27,11.22,18.745,21.3
RAMP,RAMP,Application Software,1969023872,42.66,21.45,32.055,30.35
RC,RC,Mortgage REITs,1230141696,11.11,6.65,8.879999999999999,7.1
RCUS,RCUS,Biotechnology,1418429824,20.31,13.52,16.915,15.46
RDN,RDN,Property & Casualty Insurance,4773302272,37.86,26.11,31.985,31.73
RDNT,RDNT,Health Care Services,5381741056,93.65,33.44,63.545,71.38
RES,RES,Oil & Gas Equipment & Services,1210292352,8.19,5.54,6.865,5.65
REX,REX,Oil & Gas Refining & Marketing,703566336,60.79,39.02,49.905,40.04
REZI,REZI,Trading Companies & Distributors,3602283776,28.28,16.36,22.32,24.39
RGNX,RGNX,Biotechnology,377533664,28.8,7.21,18.005,7.41
RGR,RGR,Leisure Products,586502656,48.2,34.8,41.5,35.23
RHI,RHI,Human Resource & Employment Services,7363575808,88.39,57.05,72.72,70.92
RNST,RNST,Regional Banks,2248954624,39.47,27.98,33.725,34.64
ROCK,ROCK,Building Products,1838974080,87.4,59.61,73.505,60.59
ROG,ROG,Electronic Components,1865126912,137.35,96.1,116.725,101.46
ROIC,ROIC,Retail REITs,2212010240,17.52,11.87,14.695,17.25
RUN,RUN,Building Products,2214225920,22.26,9.01,15.635000000000002,9.13
RUSHA,RUSHA,Construction Machinery & Heavy Transportation Equipment,4297852416,65.15,40.99,53.07000000000001,55.4
RWT,RWT,Mortgage REITs,895447616,8.15,5.46,6.805,6.64
RXO,RXO,Cargo Ground Transportation,4019749888,32.82,18.75,25.785,24.83
SAFE,SAFE,Other Specialized REITs,1393720320,28.8,17.91,23.355,19.76
SABR,SABR,"Hotels, Resorts & Cruise Lines",1489396480,4.625,1.81,3.2175000000000002,3.8
SAFT,SAFT,Property & Casualty Insurance,1218496640,90.0,71.99,80.995,82.1
SAH,SAH,Automotive Retail,2153976320,70.88,47.82,59.349999999999994,63.05
SANM,SANM,Electronic Manufacturing Services,4131932928,86.05,48.83,67.44,76.88
SATS,SATS,Wireless Telecommunication Services,6508911104,30.08,11.83,20.955,22.61
SBCF,SBCF,Regional Banks,2358171648,31.68,21.9,26.79,26.64
SBH,SBH,Specialty Stores,1183551616,14.79,9.06,11.925,11.86
SBSI,SBSI,Regional Banks,977748928,38.0,25.3,31.65,32.14
SCHL,SCHL,Publishing,556682752,40.74,19.735,30.2375,24.84
SCL,SCL,Specialty Chemicals,1509844352,96.01,66.995,81.5025,67.89
SCSC,SCSC,Technology Distributors,1133270016,53.9,31.01,42.455,49.55
SCVL,SCVL,Apparel Retail,941606848,46.92,24.94,35.93,34.0
SDGR,SDGR,Health Care Services,1416375168,38.0,16.67,27.335,19.3
SEDG,SEDG,Semiconductor Materials & Equipment,855923008,98.5,10.24,54.37,13.11
SEE,SEE,Paper & Plastic Packaging Products & Materials,4893794304,41.14,30.87,36.005,33.97
SEM,SEM,Health Care Facilities,2458606592,22.07974,12.429957,17.2548485,18.26
SFBS,SFBS,Regional Banks,4683869184,101.37,58.05,79.71000000000001,85.1
SFNC,SFNC,Regional Banks,2824136704,25.95,16.03,20.990000000000002,22.13
SGH,SGH,Semiconductors,N/A,N/A,N/A,N/A,N/A
SHAK,SHAK,Restaurants,5474848256,139.89,64.16,102.02499999999999,129.63
SHEN,SHEN,Wireless Telecommunication Services,682526272,22.27,11.87,17.07,12.71
SHO,SHO,Hotel & Resort REITs,2412820992,12.41,9.39,10.9,12.08
SHOO,SHOO,Footwear,3091940608,50.01,37.99,44.0,42.74
SIG,SIG,Specialty Stores,3528892160,112.06,72.26,92.16,79.48
SITC,SITC,Retail REITs,812744576,64.44,14.84,39.64,15.01
SITM,SITM,Semiconductors,5061377024,268.18,72.39,170.285,216.09
FUN,FUN,Leisure Facilities,4870274560,58.7,35.93,47.315,46.4
SJW,SJW,Water Utilities,1669325696,67.09,50.03,58.56,51.05
SKT,SKT,Retail REITs,3801197568,37.57,25.67,31.62,34.35
SKYW,SKYW,Airlines,4105370112,117.51,48.28,82.89500000000001,102.38
SLG,SLG,Office REITs,4899957248,82.81,41.81,62.31,66.79
SLP,SLP,Health Care Technology,573520576,51.22,27.07,39.144999999999996,28.88
SLVM,SLVM,Paper Products,3325362944,98.02,44.94,71.47999999999999,79.08
SM,SM,Oil & Gas Exploration & Production,4186554624,53.26,34.76,44.01,36.77
SMP,SMP,Auto Parts & Equipment,667293696,41.71,26.09,33.9,31.02
SMPL,SMPL,Packaged Foods & Meats,3874385408,43.0,30.0,36.5,38.85
SMTC,SMTC,Semiconductors,5476668928,70.27,18.16,44.214999999999996,63.58
SNCY,SNCY,Airlines,794097024,16.34,9.22,12.780000000000001,14.78
SNDR,SNDR,Cargo Ground Transportation,5069853696,33.9,20.5,27.2,29.38
SNEX,SNEX,Investment Banking & Brokerage,3035227648,106.77,61.68,84.225,94.095
SONO,SONO,Consumer Electronics,1772883840,19.76,10.23,14.995000000000001,14.41
SPNT,SPNT,Reinsurance,2332503552,16.2,10.84,13.52,14.39
SPSC,SPSC,Application Software,7074824704,218.74,160.58,189.66000000000003,190.3
SPTN,SPTN,Food Distributors,654843136,24.51,17.74,21.125,19.4
SPXC,SPXC,Industrial Machinery,6654791680,183.83,95.0,139.41500000000002,143.21
SSTK,SSTK,Interactive Media & Services,1049313088,54.41,28.85,41.629999999999995,29.96
STAA,STAA,Health Care Equipment,1223027840,52.68,23.72,38.2,24.98
STBA,STBA,Regional Banks,1502075776,45.79,28.83,37.31,38.89
STC,STC,Property & Casualty Insurance,1940519040,78.44,56.16,67.3,68.77
STEL,STEL,Regional Banks,1527859840,32.36,21.27,26.814999999999998,28.47
STEP,STEP,Asset Management & Custody Banks,7063149056,70.38,30.46,50.42,58.33
STRA,STRA,Education Services,2277583360,123.62,85.11,104.36500000000001,95.08
SUPN,SUPN,Pharmaceuticals,1956419840,39.37,25.53,32.45,35.77
SVC,SVC,Hotel & Resort REITs,413287040,8.72,2.29,5.505000000000001,2.33
SXC,SXC,Steel,919969792,12.82,7.47,10.145,10.99
SXI,SXI,Industrial Machinery,2295402240,212.66,140.04,176.35,191.99
SXT,SXT,Specialty Chemicals,3106740992,82.99,55.02,69.005,73.0
SWI,SWI,Systems Software,2464765440,14.94,10.14,12.54,14.28
TALO,TALO,Oil & Gas Exploration & Production,1637645056,14.775,8.98,11.877500000000001,9.16
TBBK,TBBK,Regional Banks,2555260416,61.17,29.92,45.545,51.96
TDS,TDS,Integrated Telecommunication Services,3861461248,35.39,13.69,24.54,33.74
TDW,TDW,Oil & Gas Equipment & Services,2563826944,111.42,46.5,78.96000000000001,48.68
TFIN,TFIN,Regional Banks,2139956224,110.58,66.85,88.715,90.97
TGI,TGI,Aerospace & Defense,1375288448,19.71,11.01,15.36,17.57
TGNA,TGNA,Broadcasting,2964644864,19.62,12.35,15.985,18.13
TGTX,TGTX,Biotechnology,5012412928,36.84,12.84,24.840000000000003,30.95
THRM,THRM,Auto Parts & Equipment,1196749696,62.93,38.22,50.575,38.63
THRY,THRY,Interactive Media & Services,610925888,26.42,13.06,19.740000000000002,14.89
THS,THS,Packaged Foods & Meats,1721856000,43.84,28.04,35.94,33.01
TILE,TILE,Office Services & Supplies,1430187392,27.34,11.48,19.41,24.65
TMDX,TMDX,Health Care Equipment,2070744576,177.37,59.722,118.546,60.53
TMP,TMP,Regional Banks,998634880,79.01,43.09,61.050000000000004,67.86
TNC,TNC,Industrial Machinery,1515297152,124.11,79.715,101.9125,81.71
TNDM,TNDM,Health Care Equipment,2358443008,53.69,21.85,37.769999999999996,33.27
TPH,TPH,Homebuilding,3465641216,47.78,33.24,40.510000000000005,36.6
TR,TR,Packaged Foods & Meats,1308866944,34.796116,27.58,31.188057999999998,31.72
TRIP,TRIP,Interactive Media & Services,1921443456,28.76,12.93,20.845,13.89
TRMK,TRMK,Regional Banks,2183952128,40.73,25.24,32.985,34.64
TRN,TRN,Construction Machinery & Heavy Trucks,2938148864,39.0,23.4,31.2,35.38
TRST,TRST,Regional Banks,638179136,38.89,25.83,32.36,33.38
TRUP,TRUP,Life & Health Insurance,2148085760,57.9,19.69,38.795,49.57
TTGT,TTGT,Interactive Media & Services,582644736,41.93,19.53,30.73,20.34
TTMI,TTMI,Electronic Manufacturing Services,2529850880,28.0,13.43,20.715,24.73
TWI,TWI,Agricultural & Farm Machinery,438818816,15.33,6.34,10.835,7.03
TWO,TWO,Mortgage REITs,1230325504,14.31,11.28,12.795,11.5
UCBI,UCBI,Regional Banks,N/A,N/A,N/A,N/A,N/A
UCTT,UCTT,Semiconductor Equipment,1577103488,56.47,31.01,43.74,34.96
UE,UE,Retail REITs,2916997376,23.85,15.805,19.8275,21.28
UFCS,UFCS,Property & Casualty Insurance,733653824,31.7,18.04,24.869999999999997,29.49
UFPT,UFPT,Health Care Equipment,1940461952,366.41,152.43,259.42,246.04
UHT,UHT,Health Care REITs,514789600,47.3,32.27,39.785,36.94
UNF,UNF,Diversified Support Services,3329722368,208.2,149.58,178.89,177.27
UNFI,UNFI,Food Retail,1550706304,32.2,8.58,20.39,26.21
UNIT,UNIT,Specialized REITs,1391455488,6.71,2.57,4.64,5.57
UPBD,UPBD,Computer & Electronics Retail,1649192960,38.72,26.5,32.61,29.41
URBN,URBN,Apparel Retail,5083545600,55.99,33.86,44.925,53.74
USNA,USNA,Packaged Foods & Meats,636209472,54.81,33.275,44.042500000000004,34.71
USPH,USPH,Health Care Facilities,1378324352,113.63,76.18,94.905,91.41
UTL,UTL,Electric Utilities,870655168,63.52,45.26,54.39,54.24
UVV,UVV,Tobacco,1348962176,67.8,45.19,56.495,54.45
VBTX,VBTX,Regional Banks,1510838528,31.62,18.08,24.85,26.67
VCEL,VCEL,Biotechnology,2788749568,61.49,32.31,46.900000000000006,54.95
VECO,VECO,Semiconductor Equipment,1523926912,49.25,25.52,37.385,27.59
VFC,VFC,"Apparel, Accessories & Luxury Goods",8674027520,23.49,11.0,17.244999999999997,21.67
VIAV,VIAV,Communications Equipment,2262492416,11.49,6.6,9.045,10.24
VICR,VICR,Electrical Components & Equipment,2219218944,61.05,30.9,45.974999999999994,49.08
VIR,VIR,Biotechnology,1010864832,13.09,6.56,9.825,7.37
VIRT,VIRT,Financial Exchanges & Data,5475129344,38.45,16.02,27.235,34.56
VRE,VRE,Office REITs,1809530624,18.85,13.84,16.345,16.38
VRRM,VRRM,Data Processing & Outsourced Services,3899262720,31.03,20.26,25.645000000000003,23.64
VRTS,VRTS,Asset Management & Custody Banks,1551084032,263.39,190.42,226.90499999999997,217.88
VSAT,VSAT,Communications Equipment,1128583296,29.11,6.69,17.9,8.58
VSCO,VSCO,Apparel Retail,3534827008,48.73,15.12,31.924999999999997,42.42
VSTO,VSTO,Leisure Products,2607619328,44.72,26.05,35.385,44.39
VSTS,VSTS,Diversified Support Services,2157661440,22.37,8.92,15.645,15.59
VTOL,VTOL,Oil & Gas Equipment & Services,933559104,41.5,24.33,32.915,32.66
VTLE,VTLE,Oil & Gas Exploration & Production,1083160832,58.3,25.85,42.075,27.89
VVI,VVI,Diversified Support Services,909773504,47.49,29.46,38.475,42.87
VYX,VYX,IT Consulting & Other Services,2033334272,17.39,10.87,14.129999999999999,13.93
WABC,WABC,Regional Banks,1380466816,59.97,43.82,51.894999999999996,51.42
WAFD,WAFD,Regional Banks,2655345408,38.62,25.79,32.205,31.95
WD,WD,Commercial & Residential Mortgage Finance,3300685056,118.19,87.2,102.695,96.32
WDFC,WDFC,Household Products,3387611904,292.36,211.03,251.695,257.54
WERN,WERN,Cargo Ground Transportation,2212719104,43.14,33.12,38.129999999999995,36.37
WGO,WGO,Automobile Manufacturers,1445331584,74.61,49.68,62.144999999999996,51.93
WHD,WHD,Oil & Gas Equipment & Services,3778739968,70.01,37.58,53.795,56.93
WKC,WKC,Oil & Gas Refining & Marketing,1560542464,31.71,21.21,26.46,27.39
WLY,WLY,Publishing,2395397632,53.96,30.45,42.205,44.36
WNC,WNC,Construction Machinery & Heavy Trucks,737162368,30.07,15.94,23.005,17.1
WOLF,WOLF,Semiconductors,899099520,47.43,6.1,26.765,7.0
WOR,WOR,Other Specialty Retail,2049614976,69.96,37.88,53.92,41.22
WRLD,WRLD,Consumer Finance,621183552,149.31,101.85,125.58,109.29
WS,WS,Steel,1731468288,47.19,23.82,35.504999999999995,32.46
WSFS,WSFS,Regional Banks,3115693824,62.75,40.2,51.475,52.61
WSR,WSR,Retail REITs,731476672,15.36,10.77,13.065,14.25
WT,WT,Asset Management & Custody Banks,1556007552,12.45,6.57,9.51,10.5
WWW,WWW,Footwear,1846344960,24.64,7.58,16.11,22.45
XHR,XHR,Hotel & Resort REITs,1619283584,16.5,12.34,14.42,14.98
XNCR,XNCR,Biotechnology,1688665600,27.24,15.31,21.275,24.01
XPEL,XPEL,Auto Parts & Equipment,1123598464,60.49,30.75,45.620000000000005,41.72
XRX,XRX,"Technology Hardware, Storage & Peripherals",1043497920,19.78,8.02,13.9,8.52
YELP,YELP,Interactive Media & Services,2506338048,48.63,32.56,40.595,38.3
YOU,YOU,Application Software,3716537088,38.88,16.05,27.465000000000003,25.61
ZD,ZD,Advertising,2400778752,70.9,37.76,54.33,55.96
ZWS,ZWS,Industrial Machinery & Supplies & Components,6360880640,41.15,27.55,34.35,37.15
